Year,Country,sex,age,suicides_no,population,suicides_by_pop,Happiness Rank,Happiness Score,GDP per capita,Social support,Healthy life expectancy,Freedom to make life choices,Perceptions of corruption,Generosity,crime_index,saftey_index
2013,Brazil,female,15-24,362.0,17123318.0,0.0021140762555481364,22,6.63500022888184,1.10735321044922,1.43130600452423,0.616552352905273,0.437453746795654,0.111092761158943,0.16234989464283,62.62,37.38
2013,Brazil,female,15-24,362.0,17123318.0,0.0021140762555481364,28,6.419,0.986,1.474,0.675,0.493,0.088,0.11,62.62,37.38
2013,Brazil,female,25-34,393.0,17492228.0,0.002246712082646076,22,6.63500022888184,1.10735321044922,1.43130600452423,0.616552352905273,0.437453746795654,0.111092761158943,0.16234989464283,62.62,37.38
2013,Brazil,female,25-34,393.0,17492228.0,0.002246712082646076,28,6.419,0.986,1.474,0.675,0.493,0.088,0.11,62.62,37.38
2013,Brazil,female,35-54,897.0,27475364.0,0.003264742916599758,22,6.63500022888184,1.10735321044922,1.43130600452423,0.616552352905273,0.437453746795654,0.111092761158943,0.16234989464283,62.62,37.38
2013,Brazil,female,35-54,897.0,27475364.0,0.003264742916599758,28,6.419,0.986,1.474,0.675,0.493,0.088,0.11,62.62,37.38
2013,Brazil,female,05-14,50.0,15923724.0,0.00031399690172977124,22,6.63500022888184,1.10735321044922,1.43130600452423,0.616552352905273,0.437453746795654,0.111092761158943,0.16234989464283,62.62,37.38
2013,Brazil,female,05-14,50.0,15923724.0,0.00031399690172977124,28,6.419,0.986,1.474,0.675,0.493,0.088,0.11,62.62,37.38
2013,Brazil,female,55-74,433.0,14022927.0,0.00308780042854106,22,6.63500022888184,1.10735321044922,1.43130600452423,0.616552352905273,0.437453746795654,0.111092761158943,0.16234989464283,62.62,37.38
2013,Brazil,female,55-74,433.0,14022927.0,0.00308780042854106,28,6.419,0.986,1.474,0.675,0.493,0.088,0.11,62.62,37.38
2013,Brazil,female,75+,88.0,3462431.0,0.002541566893318596,22,6.63500022888184,1.10735321044922,1.43130600452423,0.616552352905273,0.437453746795654,0.111092761158943,0.16234989464283,62.62,37.38
2013,Brazil,female,75+,88.0,3462431.0,0.002541566893318596,28,6.419,0.986,1.474,0.675,0.493,0.088,0.11,62.62,37.38
2013,Brazil,male,15-24,1317.0,17627508.0,0.007471277278671495,22,6.63500022888184,1.10735321044922,1.43130600452423,0.616552352905273,0.437453746795654,0.111092761158943,0.16234989464283,62.62,37.38
2013,Brazil,male,15-24,1317.0,17627508.0,0.007471277278671495,28,6.419,0.986,1.474,0.675,0.493,0.088,0.11,62.62,37.38
2013,Brazil,male,25-34,2004.0,17534209.0,0.011429086992176266,22,6.63500022888184,1.10735321044922,1.43130600452423,0.616552352905273,0.437453746795654,0.111092761158943,0.16234989464283,62.62,37.38
2013,Brazil,male,25-34,2004.0,17534209.0,0.011429086992176266,28,6.419,0.986,1.474,0.675,0.493,0.088,0.11,62.62,37.38
2013,Brazil,male,35-54,3053.0,25965164.0,0.011758061686034412,22,6.63500022888184,1.10735321044922,1.43130600452423,0.616552352905273,0.437453746795654,0.111092761158943,0.16234989464283,62.62,37.38
2013,Brazil,male,35-54,3053.0,25965164.0,0.011758061686034412,28,6.419,0.986,1.474,0.675,0.493,0.088,0.11,62.62,37.38
2013,Brazil,male,05-14,72.0,16555477.0,0.0004349013924515736,22,6.63500022888184,1.10735321044922,1.43130600452423,0.616552352905273,0.437453746795654,0.111092761158943,0.16234989464283,62.62,37.38
2013,Brazil,male,05-14,72.0,16555477.0,0.0004349013924515736,28,6.419,0.986,1.474,0.675,0.493,0.088,0.11,62.62,37.38
2013,Brazil,male,55-74,1474.0,12036068.0,0.012246524363272124,22,6.63500022888184,1.10735321044922,1.43130600452423,0.616552352905273,0.437453746795654,0.111092761158943,0.16234989464283,62.62,37.38
2013,Brazil,male,55-74,1474.0,12036068.0,0.012246524363272124,28,6.419,0.986,1.474,0.675,0.493,0.088,0.11,62.62,37.38
2013,Brazil,male,75+,370.0,2240434.0,0.016514657427980473,22,6.63500022888184,1.10735321044922,1.43130600452423,0.616552352905273,0.437453746795654,0.111092761158943,0.16234989464283,62.62,37.38
2013,Brazil,male,75+,370.0,2240434.0,0.016514657427980473,28,6.419,0.986,1.474,0.675,0.493,0.088,0.11,62.62,37.38
2015,Brazil,female,15-24,397.0,17047218.0,0.0023288257356713572,16,6.983,0.98124,1.23287,0.69702,0.49049,0.17521,0.14574,68.95,31.05
2015,Brazil,female,25-34,466.0,17546090.0,0.0026558623602181454,16,6.983,0.98124,1.23287,0.69702,0.49049,0.17521,0.14574,68.95,31.05
2015,Brazil,female,35-54,910.0,28461855.0,0.0031972617385620157,16,6.983,0.98124,1.23287,0.69702,0.49049,0.17521,0.14574,68.95,31.05
2015,Brazil,female,05-14,56.0,15430579.0,0.00036291574023243064,16,6.983,0.98124,1.23287,0.69702,0.49049,0.17521,0.14574,68.95,31.05
2015,Brazil,female,55-74,479.0,15122216.0,0.0031675251828171217,16,6.983,0.98124,1.23287,0.69702,0.49049,0.17521,0.14574,68.95,31.05
2015,Brazil,female,75+,89.0,3802086.0,0.0023408202760274227,16,6.983,0.98124,1.23287,0.69702,0.49049,0.17521,0.14574,68.95,31.05
2015,Brazil,male,15-24,1389.0,17569045.0,0.007905950494178825,16,6.983,0.98124,1.23287,0.69702,0.49049,0.17521,0.14574,68.95,31.05
2015,Brazil,male,25-34,1897.0,17625976.0,0.010762524583035855,16,6.983,0.98124,1.23287,0.69702,0.49049,0.17521,0.14574,68.95,31.05
2015,Brazil,male,35-54,3238.0,26989063.0,0.011997452449534835,16,6.983,0.98124,1.23287,0.69702,0.49049,0.17521,0.14574,68.95,31.05
2015,Brazil,male,05-14,79.0,16057040.0,0.000491996034138297,16,6.983,0.98124,1.23287,0.69702,0.49049,0.17521,0.14574,68.95,31.05
2015,Brazil,male,55-74,1693.0,12987357.0,0.013035754695893862,16,6.983,0.98124,1.23287,0.69702,0.49049,0.17521,0.14574,68.95,31.05
2015,Brazil,male,75+,470.0,2448560.0,0.019194955402358937,16,6.983,0.98124,1.23287,0.69702,0.49049,0.17521,0.14574,68.95,31.05
2013,Canada,female,15-24,138.0,2261173.0,0.006103027057195535,7,7.31599998474121,1.47920441627502,1.48134899139404,0.83455765247345,0.611100912094116,0.287371516227722,0.435539722442627,34.98,65.02
2013,Canada,female,15-24,138.0,2261173.0,0.006103027057195535,7,7.328,1.33,1.532,0.896,0.653,0.291,0.321,34.98,65.02
2013,Canada,female,25-34,135.0,2433660.0,0.0055472005128078695,7,7.31599998474121,1.47920441627502,1.48134899139404,0.83455765247345,0.611100912094116,0.287371516227722,0.435539722442627,34.98,65.02
2013,Canada,female,25-34,135.0,2433660.0,0.0055472005128078695,7,7.328,1.33,1.532,0.896,0.653,0.291,0.321,34.98,65.02
2013,Canada,female,35-54,400.0,5003771.0,0.007993970947111689,7,7.31599998474121,1.47920441627502,1.48134899139404,0.83455765247345,0.611100912094116,0.287371516227722,0.435539722442627,34.98,65.02
2013,Canada,female,35-54,400.0,5003771.0,0.007993970947111689,7,7.328,1.33,1.532,0.896,0.653,0.291,0.321,34.98,65.02
2013,Canada,female,05-14,20.0,1823010.0,0.0010970866863045184,7,7.31599998474121,1.47920441627502,1.48134899139404,0.83455765247345,0.611100912094116,0.287371516227722,0.435539722442627,34.98,65.02
2013,Canada,female,05-14,20.0,1823010.0,0.0010970866863045184,7,7.328,1.33,1.532,0.896,0.653,0.291,0.321,34.98,65.02
2013,Canada,female,55-74,255.0,3887315.0,0.0065597977009838404,7,7.31599998474121,1.47920441627502,1.48134899139404,0.83455765247345,0.611100912094116,0.287371516227722,0.435539722442627,34.98,65.02
2013,Canada,female,55-74,255.0,3887315.0,0.0065597977009838404,7,7.328,1.33,1.532,0.896,0.653,0.291,0.321,34.98,65.02
2013,Canada,female,75+,65.0,1410630.0,0.004607870242373975,7,7.31599998474121,1.47920441627502,1.48134899139404,0.83455765247345,0.611100912094116,0.287371516227722,0.435539722442627,34.98,65.02
2013,Canada,female,75+,65.0,1410630.0,0.004607870242373975,7,7.328,1.33,1.532,0.896,0.653,0.291,0.321,34.98,65.02
2013,Canada,male,15-24,300.0,2362807.0,0.012696762791036256,7,7.31599998474121,1.47920441627502,1.48134899139404,0.83455765247345,0.611100912094116,0.287371516227722,0.435539722442627,34.98,65.02
2013,Canada,male,15-24,300.0,2362807.0,0.012696762791036256,7,7.328,1.33,1.532,0.896,0.653,0.291,0.321,34.98,65.02
2013,Canada,male,25-34,439.0,2456335.0,0.0178721550602829,7,7.31599998474121,1.47920441627502,1.48134899139404,0.83455765247345,0.611100912094116,0.287371516227722,0.435539722442627,34.98,65.02
2013,Canada,male,25-34,439.0,2456335.0,0.0178721550602829,7,7.328,1.33,1.532,0.896,0.653,0.291,0.321,34.98,65.02
2013,Canada,male,35-54,1244.0,5032714.0,0.02471827328157332,7,7.31599998474121,1.47920441627502,1.48134899139404,0.83455765247345,0.611100912094116,0.287371516227722,0.435539722442627,34.98,65.02
2013,Canada,male,35-54,1244.0,5032714.0,0.02471827328157332,7,7.328,1.33,1.532,0.896,0.653,0.291,0.321,34.98,65.02
2013,Canada,male,05-14,15.0,1927751.0,0.0007781087910212471,7,7.31599998474121,1.47920441627502,1.48134899139404,0.83455765247345,0.611100912094116,0.287371516227722,0.435539722442627,34.98,65.02
2013,Canada,male,05-14,15.0,1927751.0,0.0007781087910212471,7,7.328,1.33,1.532,0.896,0.653,0.291,0.321,34.98,65.02
2013,Canada,male,55-74,812.0,3724622.0,0.021800869994324255,7,7.31599998474121,1.47920441627502,1.48134899139404,0.83455765247345,0.611100912094116,0.287371516227722,0.435539722442627,34.98,65.02
2013,Canada,male,55-74,812.0,3724622.0,0.021800869994324255,7,7.328,1.33,1.532,0.896,0.653,0.291,0.321,34.98,65.02
2013,Canada,male,75+,231.0,991048.0,0.023308659116410103,7,7.31599998474121,1.47920441627502,1.48134899139404,0.83455765247345,0.611100912094116,0.287371516227722,0.435539722442627,34.98,65.02
2013,Canada,male,75+,231.0,991048.0,0.023308659116410103,7,7.328,1.33,1.532,0.896,0.653,0.291,0.321,34.98,65.02
2013,Hungary,female,15-24,12.0,576334.0,0.0020821259894436214,75,5.32399988174438,1.2860119342804,1.34313309192657,0.687763452529907,0.175863519310951,0.0366369374096394,0.0784016624093056,33.72,66.28
2013,Hungary,female,15-24,12.0,576334.0,0.0020821259894436214,69,5.62,1.171,1.401,0.732,0.259,0.022,0.061,33.72,66.28
2013,Hungary,female,25-34,31.0,642913.0,0.004821803261094425,75,5.32399988174438,1.2860119342804,1.34313309192657,0.687763452529907,0.175863519310951,0.0366369374096394,0.0784016624093056,33.72,66.28
2013,Hungary,female,25-34,31.0,642913.0,0.004821803261094425,69,5.62,1.171,1.401,0.732,0.259,0.022,0.061,33.72,66.28
2013,Hungary,female,35-54,155.0,1416711.0,0.010940834086839166,75,5.32399988174438,1.2860119342804,1.34313309192657,0.687763452529907,0.175863519310951,0.0366369374096394,0.0784016624093056,33.72,66.28
2013,Hungary,female,35-54,155.0,1416711.0,0.010940834086839166,69,5.62,1.171,1.401,0.732,0.259,0.022,0.061,33.72,66.28
2013,Hungary,female,05-14,1.0,471456.0,0.0002121088712414308,75,5.32399988174438,1.2860119342804,1.34313309192657,0.687763452529907,0.175863519310951,0.0366369374096394,0.0784016624093056,33.72,66.28
2013,Hungary,female,05-14,1.0,471456.0,0.0002121088712414308,69,5.62,1.171,1.401,0.732,0.259,0.022,0.061,33.72,66.28
2013,Hungary,female,55-74,200.0,1349472.0,0.014820611320575753,75,5.32399988174438,1.2860119342804,1.34313309192657,0.687763452529907,0.175863519310951,0.0366369374096394,0.0784016624093056,33.72,66.28
2013,Hungary,female,55-74,200.0,1349472.0,0.014820611320575753,69,5.62,1.171,1.401,0.732,0.259,0.022,0.061,33.72,66.28
2013,Hungary,female,75+,106.0,503084.0,0.021070039993321195,75,5.32399988174438,1.2860119342804,1.34313309192657,0.687763452529907,0.175863519310951,0.0366369374096394,0.0784016624093056,33.72,66.28
2013,Hungary,female,75+,106.0,503084.0,0.021070039993321195,69,5.62,1.171,1.401,0.732,0.259,0.022,0.061,33.72,66.28
2013,Hungary,male,15-24,60.0,608253.0,0.009864316328896035,75,5.32399988174438,1.2860119342804,1.34313309192657,0.687763452529907,0.175863519310951,0.0366369374096394,0.0784016624093056,33.72,66.28
2013,Hungary,male,15-24,60.0,608253.0,0.009864316328896035,69,5.62,1.171,1.401,0.732,0.259,0.022,0.061,33.72,66.28
2013,Hungary,male,25-34,107.0,664876.0,0.016093226406126857,75,5.32399988174438,1.2860119342804,1.34313309192657,0.687763452529907,0.175863519310951,0.0366369374096394,0.0784016624093056,33.72,66.28
2013,Hungary,male,25-34,107.0,664876.0,0.016093226406126857,69,5.62,1.171,1.401,0.732,0.259,0.022,0.061,33.72,66.28
2013,Hungary,male,35-54,613.0,1409798.0,0.04348140655611655,75,5.32399988174438,1.2860119342804,1.34313309192657,0.687763452529907,0.175863519310951,0.0366369374096394,0.0784016624093056,33.72,66.28
2013,Hungary,male,35-54,613.0,1409798.0,0.04348140655611655,69,5.62,1.171,1.401,0.732,0.259,0.022,0.061,33.72,66.28
2013,Hungary,male,05-14,0.0,497640.0,0.0,75,5.32399988174438,1.2860119342804,1.34313309192657,0.687763452529907,0.175863519310951,0.0366369374096394,0.0784016624093056,33.72,66.28
2013,Hungary,male,05-14,0.0,497640.0,0.0,69,5.62,1.171,1.401,0.732,0.259,0.022,0.061,33.72,66.28
2013,Hungary,male,55-74,606.0,1058520.0,0.05724974492687904,75,5.32399988174438,1.2860119342804,1.34313309192657,0.687763452529907,0.175863519310951,0.0366369374096394,0.0784016624093056,33.72,66.28
2013,Hungary,male,55-74,606.0,1058520.0,0.05724974492687904,69,5.62,1.171,1.401,0.732,0.259,0.022,0.061,33.72,66.28
2013,Hungary,male,75+,201.0,234783.0,0.08561096842616374,75,5.32399988174438,1.2860119342804,1.34313309192657,0.687763452529907,0.175863519310951,0.0366369374096394,0.0784016624093056,33.72,66.28
2013,Hungary,male,75+,201.0,234783.0,0.08561096842616374,69,5.62,1.171,1.401,0.732,0.259,0.022,0.061,33.72,66.28
2015,Hungary,female,15-24,15.0,551149.0,0.002721587084436332,104,4.8,1.12094,1.20215,0.75905,0.32112,0.02758,0.128,41.76,58.24
2015,Hungary,female,25-34,27.0,610907.0,0.004419657983948457,104,4.8,1.12094,1.20215,0.75905,0.32112,0.02758,0.128,41.76,58.24
2015,Hungary,female,35-54,132.0,1429644.0,0.009233067812686235,104,4.8,1.12094,1.20215,0.75905,0.32112,0.02758,0.128,41.76,58.24
2015,Hungary,female,05-14,1.0,473285.0,0.0002112891809374901,104,4.8,1.12094,1.20215,0.75905,0.32112,0.02758,0.128,41.76,58.24
2015,Hungary,female,55-74,181.0,1350675.0,0.013400707053880467,104,4.8,1.12094,1.20215,0.75905,0.32112,0.02758,0.128,41.76,58.24
2015,Hungary,female,75+,123.0,514721.0,0.02389644098453337,104,4.8,1.12094,1.20215,0.75905,0.32112,0.02758,0.128,41.76,58.24
2015,Hungary,male,15-24,69.0,582471.0,0.011846083324320009,104,4.8,1.12094,1.20215,0.75905,0.32112,0.02758,0.128,41.76,58.24
2015,Hungary,male,25-34,129.0,637775.0,0.02022656893104935,104,4.8,1.12094,1.20215,0.75905,0.32112,0.02758,0.128,41.76,58.24
2015,Hungary,male,35-54,472.0,1432703.0,0.032944720573629,104,4.8,1.12094,1.20215,0.75905,0.32112,0.02758,0.128,41.76,58.24
2015,Hungary,male,05-14,2.0,499016.0,0.00040078875226445647,104,4.8,1.12094,1.20215,0.75905,0.32112,0.02758,0.128,41.76,58.24
2015,Hungary,male,55-74,496.0,1065443.0,0.046553405484854656,104,4.8,1.12094,1.20215,0.75905,0.32112,0.02758,0.128,41.76,58.24
2015,Hungary,male,75+,221.0,241730.0,0.09142431638605054,104,4.8,1.12094,1.20215,0.75905,0.32112,0.02758,0.128,41.76,58.24
2016,Hungary,female,15-24,14.0,536865.0,0.002607731925158094,91,5.145,1.24142,0.93164,0.67608,0.1977,0.04472,0.099,41.93,58.07
2016,Hungary,female,25-34,30.0,602785.0,0.004976898894298962,91,5.145,1.24142,0.93164,0.67608,0.1977,0.04472,0.099,41.93,58.07
2016,Hungary,female,35-54,121.0,1432415.0,0.00844727261303463,91,5.145,1.24142,0.93164,0.67608,0.1977,0.04472,0.099,41.93,58.07
2016,Hungary,female,05-14,0.0,470109.0,0.0,91,5.145,1.24142,0.93164,0.67608,0.1977,0.04472,0.099,41.93,58.07
2016,Hungary,female,55-74,161.0,1346205.0,0.011959545537269583,91,5.145,1.24142,0.93164,0.67608,0.1977,0.04472,0.099,41.93,58.07
2016,Hungary,female,75+,120.0,521024.0,0.023031568603365683,91,5.145,1.24142,0.93164,0.67608,0.1977,0.04472,0.099,41.93,58.07
2016,Hungary,male,15-24,58.0,568065.0,0.01021009919639478,91,5.145,1.24142,0.93164,0.67608,0.1977,0.04472,0.099,41.93,58.07
2016,Hungary,male,25-34,98.0,633114.0,0.015479044848163207,91,5.145,1.24142,0.93164,0.67608,0.1977,0.04472,0.099,41.93,58.07
2016,Hungary,male,35-54,450.0,1439105.0,0.031269434822337495,91,5.145,1.24142,0.93164,0.67608,0.1977,0.04472,0.099,41.93,58.07
2016,Hungary,male,05-14,1.0,495244.0,0.00020192066940740322,91,5.145,1.24142,0.93164,0.67608,0.1977,0.04472,0.099,41.93,58.07
2016,Hungary,male,55-74,495.0,1064355.0,0.046507039474611385,91,5.145,1.24142,0.93164,0.67608,0.1977,0.04472,0.099,41.93,58.07
2016,Hungary,male,75+,214.0,246437.0,0.08683760961219297,91,5.145,1.24142,0.93164,0.67608,0.1977,0.04472,0.099,41.93,58.07
2013,Israel,female,15-24,5.0,597664.0,0.0008365904588531348,11,7.21299982070923,1.37538242340088,1.37628996372223,0.83840399980545,0.405988603830338,0.0852421000599861,0.330082654953003,48.26,51.74
2013,Israel,female,15-24,5.0,597664.0,0.0008365904588531348,19,6.814,1.301,1.559,0.883,0.533,0.272,0.354,48.26,51.74
2013,Israel,female,25-34,15.0,571000.0,0.002626970227670753,11,7.21299982070923,1.37538242340088,1.37628996372223,0.83840399980545,0.405988603830338,0.0852421000599861,0.330082654953003,48.26,51.74
2013,Israel,female,25-34,15.0,571000.0,0.002626970227670753,19,6.814,1.301,1.559,0.883,0.533,0.272,0.354,48.26,51.74
2013,Israel,female,35-54,26.0,932764.0,0.0027874146086255473,11,7.21299982070923,1.37538242340088,1.37628996372223,0.83840399980545,0.405988603830338,0.0852421000599861,0.330082654953003,48.26,51.74
2013,Israel,female,35-54,26.0,932764.0,0.0027874146086255473,19,6.814,1.301,1.559,0.883,0.533,0.272,0.354,48.26,51.74
2013,Israel,female,05-14,0.0,702017.0,0.0,11,7.21299982070923,1.37538242340088,1.37628996372223,0.83840399980545,0.405988603830338,0.0852421000599861,0.330082654953003,48.26,51.74
2013,Israel,female,05-14,0.0,702017.0,0.0,19,6.814,1.301,1.559,0.883,0.533,0.272,0.354,48.26,51.74
2013,Israel,female,55-74,23.0,627505.0,0.00366530943976542,11,7.21299982070923,1.37538242340088,1.37628996372223,0.83840399980545,0.405988603830338,0.0852421000599861,0.330082654953003,48.26,51.74
2013,Israel,female,55-74,23.0,627505.0,0.00366530943976542,19,6.814,1.301,1.559,0.883,0.533,0.272,0.354,48.26,51.74
2013,Israel,female,75+,12.0,230693.0,0.005201718300945412,11,7.21299982070923,1.37538242340088,1.37628996372223,0.83840399980545,0.405988603830338,0.0852421000599861,0.330082654953003,48.26,51.74
2013,Israel,female,75+,12.0,230693.0,0.005201718300945412,19,6.814,1.301,1.559,0.883,0.533,0.272,0.354,48.26,51.74
2013,Israel,male,15-24,30.0,623751.0,0.004809611527676909,11,7.21299982070923,1.37538242340088,1.37628996372223,0.83840399980545,0.405988603830338,0.0852421000599861,0.330082654953003,48.26,51.74
2013,Israel,male,15-24,30.0,623751.0,0.004809611527676909,19,6.814,1.301,1.559,0.883,0.533,0.272,0.354,48.26,51.74
2013,Israel,male,25-34,47.0,574069.0,0.008187169138204642,11,7.21299982070923,1.37538242340088,1.37628996372223,0.83840399980545,0.405988603830338,0.0852421000599861,0.330082654953003,48.26,51.74
2013,Israel,male,25-34,47.0,574069.0,0.008187169138204642,19,6.814,1.301,1.559,0.883,0.533,0.272,0.354,48.26,51.74
2013,Israel,male,35-54,102.0,907964.0,0.011233925574141707,11,7.21299982070923,1.37538242340088,1.37628996372223,0.83840399980545,0.405988603830338,0.0852421000599861,0.330082654953003,48.26,51.74
2013,Israel,male,35-54,102.0,907964.0,0.011233925574141707,19,6.814,1.301,1.559,0.883,0.533,0.272,0.354,48.26,51.74
2013,Israel,male,05-14,7.0,737875.0,0.0009486701677113332,11,7.21299982070923,1.37538242340088,1.37628996372223,0.83840399980545,0.405988603830338,0.0852421000599861,0.330082654953003,48.26,51.74
2013,Israel,male,05-14,7.0,737875.0,0.0009486701677113332,19,6.814,1.301,1.559,0.883,0.533,0.272,0.354,48.26,51.74
2013,Israel,male,55-74,71.0,560632.0,0.012664278885258068,11,7.21299982070923,1.37538242340088,1.37628996372223,0.83840399980545,0.405988603830338,0.0852421000599861,0.330082654953003,48.26,51.74
2013,Israel,male,55-74,71.0,560632.0,0.012664278885258068,19,6.814,1.301,1.559,0.883,0.533,0.272,0.354,48.26,51.74
2013,Israel,male,75+,34.0,160074.0,0.02124017641840649,11,7.21299982070923,1.37538242340088,1.37628996372223,0.83840399980545,0.405988603830338,0.0852421000599861,0.330082654953003,48.26,51.74
2013,Israel,male,75+,34.0,160074.0,0.02124017641840649,19,6.814,1.301,1.559,0.883,0.533,0.272,0.354,48.26,51.74
2015,Israel,female,15-24,8.0,617440.0,0.001295672454003628,11,7.278,1.22857,1.22393,0.91387,0.41319,0.07785,0.33172,30.4,69.6
2015,Israel,female,25-34,13.0,581972.0,0.002233784443237819,11,7.278,1.22857,1.22393,0.91387,0.41319,0.07785,0.33172,30.4,69.6
2015,Israel,female,35-54,20.0,967412.0,0.0020673715025242606,11,7.278,1.22857,1.22393,0.91387,0.41319,0.07785,0.33172,30.4,69.6
2015,Israel,female,05-14,1.0,733603.0,0.0001363135101683063,11,7.278,1.22857,1.22393,0.91387,0.41319,0.07785,0.33172,30.4,69.6
2015,Israel,female,55-74,17.0,664823.0,0.0025570715814585234,11,7.278,1.22857,1.22393,0.91387,0.41319,0.07785,0.33172,30.4,69.6
2015,Israel,female,75+,14.0,241083.0,0.005807128665231477,11,7.278,1.22857,1.22393,0.91387,0.41319,0.07785,0.33172,30.4,69.6
2015,Israel,male,15-24,35.0,644674.0,0.0054291005996829405,11,7.278,1.22857,1.22393,0.91387,0.41319,0.07785,0.33172,30.4,69.6
2015,Israel,male,25-34,45.0,586251.0,0.0076758930901610406,11,7.278,1.22857,1.22393,0.91387,0.41319,0.07785,0.33172,30.4,69.6
2015,Israel,male,35-54,92.0,944406.0,0.00974157300991311,11,7.278,1.22857,1.22393,0.91387,0.41319,0.07785,0.33172,30.4,69.6
2015,Israel,male,05-14,2.0,770443.0,0.00025959091068385333,11,7.278,1.22857,1.22393,0.91387,0.41319,0.07785,0.33172,30.4,69.6
2015,Israel,male,55-74,65.0,595247.0,0.010919836639243877,11,7.278,1.22857,1.22393,0.91387,0.41319,0.07785,0.33172,30.4,69.6
2015,Israel,male,75+,30.0,168826.0,0.017769774797720732,11,7.278,1.22857,1.22393,0.91387,0.41319,0.07785,0.33172,30.4,69.6
2013,Japan,female,15-24,467.0,5834000.0,0.008004799451491258,51,5.92000007629395,1.41691517829895,1.43633782863617,0.913475871086121,0.505625545978546,0.163760736584663,0.12057276815176,13.11,86.89
2013,Japan,female,15-24,467.0,5834000.0,0.008004799451491258,54,5.915,1.294,1.462,0.988,0.553,0.15,0.079,13.11,86.89
2013,Japan,female,25-34,850.0,6913000.0,0.012295674815564879,51,5.92000007629395,1.41691517829895,1.43633782863617,0.913475871086121,0.505625545978546,0.163760736584663,0.12057276815176,13.11,86.89
2013,Japan,female,25-34,850.0,6913000.0,0.012295674815564879,54,5.915,1.294,1.462,0.988,0.553,0.15,0.079,13.11,86.89
2013,Japan,female,35-54,2242.0,16974000.0,0.013208436432190409,51,5.92000007629395,1.41691517829895,1.43633782863617,0.913475871086121,0.505625545978546,0.163760736584663,0.12057276815176,13.11,86.89
2013,Japan,female,35-54,2242.0,16974000.0,0.013208436432190409,54,5.915,1.294,1.462,0.988,0.553,0.15,0.079,13.11,86.89
2013,Japan,female,05-14,34.0,5398000.0,0.0006298629121896999,51,5.92000007629395,1.41691517829895,1.43633782863617,0.913475871086121,0.505625545978546,0.163760736584663,0.12057276815176,13.11,86.89
2013,Japan,female,05-14,34.0,5398000.0,0.0006298629121896999,54,5.915,1.294,1.462,0.988,0.553,0.15,0.079,13.11,86.89
2013,Japan,female,55-74,2604.0,17279000.0,0.015070316569245904,51,5.92000007629395,1.41691517829895,1.43633782863617,0.913475871086121,0.505625545978546,0.163760736584663,0.12057276815176,13.11,86.89
2013,Japan,female,55-74,2604.0,17279000.0,0.015070316569245904,54,5.915,1.294,1.462,0.988,0.553,0.15,0.079,13.11,86.89
2013,Japan,female,75+,1713.0,9588000.0,0.017866082603254067,51,5.92000007629395,1.41691517829895,1.43633782863617,0.913475871086121,0.505625545978546,0.163760736584663,0.12057276815176,13.11,86.89
2013,Japan,female,75+,1713.0,9588000.0,0.017866082603254067,54,5.915,1.294,1.462,0.988,0.553,0.15,0.079,13.11,86.89
2013,Japan,male,15-24,1242.0,6143000.0,0.020218134461989255,51,5.92000007629395,1.41691517829895,1.43633782863617,0.913475871086121,0.505625545978546,0.163760736584663,0.12057276815176,13.11,86.89
2013,Japan,male,15-24,1242.0,6143000.0,0.020218134461989255,54,5.915,1.294,1.462,0.988,0.553,0.15,0.079,13.11,86.89
2013,Japan,male,25-34,2178.0,7186000.0,0.030308934038408016,51,5.92000007629395,1.41691517829895,1.43633782863617,0.913475871086121,0.505625545978546,0.163760736584663,0.12057276815176,13.11,86.89
2013,Japan,male,25-34,2178.0,7186000.0,0.030308934038408016,54,5.915,1.294,1.462,0.988,0.553,0.15,0.079,13.11,86.89
2013,Japan,male,35-54,6333.0,17367000.0,0.036465710830886164,51,5.92000007629395,1.41691517829895,1.43633782863617,0.913475871086121,0.505625545978546,0.163760736584663,0.12057276815176,13.11,86.89
2013,Japan,male,35-54,6333.0,17367000.0,0.036465710830886164,54,5.915,1.294,1.462,0.988,0.553,0.15,0.079,13.11,86.89
2013,Japan,male,05-14,58.0,5666000.0,0.0010236498411577834,51,5.92000007629395,1.41691517829895,1.43633782863617,0.913475871086121,0.505625545978546,0.163760736584663,0.12057276815176,13.11,86.89
2013,Japan,male,05-14,58.0,5666000.0,0.0010236498411577834,54,5.915,1.294,1.462,0.988,0.553,0.15,0.079,13.11,86.89
2013,Japan,male,55-74,5908.0,16202000.0,0.036464633995802985,51,5.92000007629395,1.41691517829895,1.43633782863617,0.913475871086121,0.505625545978546,0.163760736584663,0.12057276815176,13.11,86.89
2013,Japan,male,55-74,5908.0,16202000.0,0.036464633995802985,54,5.915,1.294,1.462,0.988,0.553,0.15,0.079,13.11,86.89
2013,Japan,male,75+,2362.0,5964000.0,0.03960429242119383,51,5.92000007629395,1.41691517829895,1.43633782863617,0.913475871086121,0.505625545978546,0.163760736584663,0.12057276815176,13.11,86.89
2013,Japan,male,75+,2362.0,5964000.0,0.03960429242119383,54,5.915,1.294,1.462,0.988,0.553,0.15,0.079,13.11,86.89
2015,Japan,female,15-24,408.0,5772938.0,0.007067458545371524,46,5.987,1.27074,1.25712,0.99111,0.49615,0.1806,0.10705,20.24,79.76
2015,Japan,female,25-34,685.0,6614211.0,0.010356488476100928,46,5.987,1.27074,1.25712,0.99111,0.49615,0.1806,0.10705,20.24,79.76
2015,Japan,female,35-54,2024.0,16991218.0,0.011912035970581979,46,5.987,1.27074,1.25712,0.99111,0.49615,0.1806,0.10705,20.24,79.76
2015,Japan,female,05-14,28.0,5287719.0,0.0005295288951625456,46,5.987,1.27074,1.25712,0.99111,0.49615,0.1806,0.10705,20.24,79.76
2015,Japan,female,55-74,2292.0,17232482.0,0.013300463624450615,46,5.987,1.27074,1.25712,0.99111,0.49615,0.1806,0.10705,20.24,79.76
2015,Japan,female,75+,1509.0,9983066.0,0.015115596751539057,46,5.987,1.27074,1.25712,0.99111,0.49615,0.1806,0.10705,20.24,79.76
2015,Japan,male,15-24,1091.0,6088330.0,0.017919528015071455,46,5.987,1.27074,1.25712,0.99111,0.49615,0.1806,0.10705,20.24,79.76
2015,Japan,male,25-34,1948.0,6862886.0,0.02838456008157501,46,5.987,1.27074,1.25712,0.99111,0.49615,0.1806,0.10705,20.24,79.76
2015,Japan,male,35-54,5507.0,17461022.0,0.031538818289101295,46,5.987,1.27074,1.25712,0.99111,0.49615,0.1806,0.10705,20.24,79.76
2015,Japan,male,05-14,62.0,5553851.0,0.0011163425162108236,46,5.987,1.27074,1.25712,0.99111,0.49615,0.1806,0.10705,20.24,79.76
2015,Japan,male,55-74,5241.0,16239222.0,0.03227371360524537,46,5.987,1.27074,1.25712,0.99111,0.49615,0.1806,0.10705,20.24,79.76
2015,Japan,male,75+,2297.0,6289365.0,0.03652197002400084,46,5.987,1.27074,1.25712,0.99111,0.49615,0.1806,0.10705,20.24,79.76
2013,Lithuania,female,15-24,17.0,192772.0,0.008818708111136473,52,5.90199995040894,1.31458234786987,1.47351610660553,0.62894994020462,0.234231784939766,0.0118656428530812,0.010164656676352,34.61,65.39
2013,Lithuania,female,15-24,17.0,192772.0,0.008818708111136473,50,5.952,1.197,1.527,0.716,0.35,0.006,0.026,34.61,65.39
2013,Lithuania,female,25-34,22.0,182444.0,0.012058494661375544,52,5.90199995040894,1.31458234786987,1.47351610660553,0.62894994020462,0.234231784939766,0.0118656428530812,0.010164656676352,34.61,65.39
2013,Lithuania,female,25-34,22.0,182444.0,0.012058494661375544,50,5.952,1.197,1.527,0.716,0.35,0.006,0.026,34.61,65.39
2013,Lithuania,female,35-54,75.0,442140.0,0.016962952910842717,52,5.90199995040894,1.31458234786987,1.47351610660553,0.62894994020462,0.234231784939766,0.0118656428530812,0.010164656676352,34.61,65.39
2013,Lithuania,female,35-54,75.0,442140.0,0.016962952910842717,50,5.952,1.197,1.527,0.716,0.35,0.006,0.026,34.61,65.39
2013,Lithuania,female,05-14,3.0,137471.0,0.0021822784441809548,52,5.90199995040894,1.31458234786987,1.47351610660553,0.62894994020462,0.234231784939766,0.0118656428530812,0.010164656676352,34.61,65.39
2013,Lithuania,female,05-14,3.0,137471.0,0.0021822784441809548,50,5.952,1.197,1.527,0.716,0.35,0.006,0.026,34.61,65.39
2013,Lithuania,female,55-74,41.0,380096.0,0.010786748610877252,52,5.90199995040894,1.31458234786987,1.47351610660553,0.62894994020462,0.234231784939766,0.0118656428530812,0.010164656676352,34.61,65.39
2013,Lithuania,female,55-74,41.0,380096.0,0.010786748610877252,50,5.952,1.197,1.527,0.716,0.35,0.006,0.026,34.61,65.39
2013,Lithuania,female,75+,40.0,186711.0,0.021423483351275502,52,5.90199995040894,1.31458234786987,1.47351610660553,0.62894994020462,0.234231784939766,0.0118656428530812,0.010164656676352,34.61,65.39
2013,Lithuania,female,75+,40.0,186711.0,0.021423483351275502,50,5.952,1.197,1.527,0.716,0.35,0.006,0.026,34.61,65.39
2013,Lithuania,male,15-24,96.0,203647.0,0.04714039489901643,52,5.90199995040894,1.31458234786987,1.47351610660553,0.62894994020462,0.234231784939766,0.0118656428530812,0.010164656676352,34.61,65.39
2013,Lithuania,male,15-24,96.0,203647.0,0.04714039489901643,50,5.952,1.197,1.527,0.716,0.35,0.006,0.026,34.61,65.39
2013,Lithuania,male,25-34,121.0,188010.0,0.06435827881495665,52,5.90199995040894,1.31458234786987,1.47351610660553,0.62894994020462,0.234231784939766,0.0118656428530812,0.010164656676352,34.61,65.39
2013,Lithuania,male,25-34,121.0,188010.0,0.06435827881495665,50,5.952,1.197,1.527,0.716,0.35,0.006,0.026,34.61,65.39
2013,Lithuania,male,35-54,382.0,405191.0,0.09427652637891759,52,5.90199995040894,1.31458234786987,1.47351610660553,0.62894994020462,0.234231784939766,0.0118656428530812,0.010164656676352,34.61,65.39
2013,Lithuania,male,35-54,382.0,405191.0,0.09427652637891759,50,5.952,1.197,1.527,0.716,0.35,0.006,0.026,34.61,65.39
2013,Lithuania,male,05-14,2.0,144800.0,0.0013812154696132596,52,5.90199995040894,1.31458234786987,1.47351610660553,0.62894994020462,0.234231784939766,0.0118656428530812,0.010164656676352,34.61,65.39
2013,Lithuania,male,05-14,2.0,144800.0,0.0013812154696132596,50,5.952,1.197,1.527,0.716,0.35,0.006,0.026,34.61,65.39
2013,Lithuania,male,55-74,223.0,265835.0,0.08388662140049279,52,5.90199995040894,1.31458234786987,1.47351610660553,0.62894994020462,0.234231784939766,0.0118656428530812,0.010164656676352,34.61,65.39
2013,Lithuania,male,55-74,223.0,265835.0,0.08388662140049279,50,5.952,1.197,1.527,0.716,0.35,0.006,0.026,34.61,65.39
2013,Lithuania,male,75+,63.0,77510.0,0.08127983486001807,52,5.90199995040894,1.31458234786987,1.47351610660553,0.62894994020462,0.234231784939766,0.0118656428530812,0.010164656676352,34.61,65.39
2013,Lithuania,male,75+,63.0,77510.0,0.08127983486001807,50,5.952,1.197,1.527,0.716,0.35,0.006,0.026,34.61,65.39
2015,Lithuania,female,15-24,10.0,178882.0,0.0055902773895640705,56,5.833,1.14723,1.25745,0.73128,0.21342,0.01031,0.02641,36.69,63.31
2015,Lithuania,female,25-34,17.0,182926.0,0.0092933754633021,56,5.833,1.14723,1.25745,0.73128,0.21342,0.01031,0.02641,36.69,63.31
2015,Lithuania,female,35-54,46.0,419841.0,0.01095652878113381,56,5.833,1.14723,1.25745,0.73128,0.21342,0.01031,0.02641,36.69,63.31
2015,Lithuania,female,05-14,3.0,133506.0,0.002247090018426138,56,5.833,1.14723,1.25745,0.73128,0.21342,0.01031,0.02641,36.69,63.31
2015,Lithuania,female,55-74,55.0,386892.0,0.014215853519845332,56,5.833,1.14723,1.25745,0.73128,0.21342,0.01031,0.02641,36.69,63.31
2015,Lithuania,female,75+,38.0,191358.0,0.01985806707846027,56,5.833,1.14723,1.25745,0.73128,0.21342,0.01031,0.02641,36.69,63.31
2015,Lithuania,male,15-24,66.0,188903.0,0.0349385663541606,56,5.833,1.14723,1.25745,0.73128,0.21342,0.01031,0.02641,36.69,63.31
2015,Lithuania,male,25-34,101.0,190800.0,0.0529350104821803,56,5.833,1.14723,1.25745,0.73128,0.21342,0.01031,0.02641,36.69,63.31
2015,Lithuania,male,35-54,275.0,387255.0,0.07101264024996448,56,5.833,1.14723,1.25745,0.73128,0.21342,0.01031,0.02641,36.69,63.31
2015,Lithuania,male,05-14,2.0,140115.0,0.0014273989223138137,56,5.833,1.14723,1.25745,0.73128,0.21342,0.01031,0.02641,36.69,63.31
2015,Lithuania,male,55-74,216.0,273776.0,0.07889661621179359,56,5.833,1.14723,1.25745,0.73128,0.21342,0.01031,0.02641,36.69,63.31
2015,Lithuania,male,75+,67.0,79672.0,0.08409478863339694,56,5.833,1.14723,1.25745,0.73128,0.21342,0.01031,0.02641,36.69,63.31
2016,Lithuania,female,15-24,6.0,168917.0,0.0035520403511783896,60,5.813,1.2692,1.06411,0.64674,0.18929,0.0182,0.02025,43.15,56.85
2016,Lithuania,female,25-34,8.0,182632.0,0.004380393359323668,60,5.813,1.2692,1.06411,0.64674,0.18929,0.0182,0.02025,43.15,56.85
2016,Lithuania,female,35-54,41.0,406249.0,0.010092332534972394,60,5.813,1.2692,1.06411,0.64674,0.18929,0.0182,0.02025,43.15,56.85
2016,Lithuania,female,05-14,0.0,132576.0,0.0,60,5.813,1.2692,1.06411,0.64674,0.18929,0.0182,0.02025,43.15,56.85
2016,Lithuania,female,55-74,45.0,390385.0,0.011527082239327843,60,5.813,1.2692,1.06411,0.64674,0.18929,0.0182,0.02025,43.15,56.85
2016,Lithuania,female,75+,29.0,193001.0,0.01502582888171564,60,5.813,1.2692,1.06411,0.64674,0.18929,0.0182,0.02025,43.15,56.85
2016,Lithuania,male,15-24,41.0,177888.0,0.023048210109731966,60,5.813,1.2692,1.06411,0.64674,0.18929,0.0182,0.02025,43.15,56.85
2016,Lithuania,male,25-34,96.0,191346.0,0.05017089460976451,60,5.813,1.2692,1.06411,0.64674,0.18929,0.0182,0.02025,43.15,56.85
2016,Lithuania,male,35-54,266.0,376689.0,0.07061528210274258,60,5.813,1.2692,1.06411,0.64674,0.18929,0.0182,0.02025,43.15,56.85
2016,Lithuania,male,05-14,4.0,139278.0,0.002871953933858901,60,5.813,1.2692,1.06411,0.64674,0.18929,0.0182,0.02025,43.15,56.85
2016,Lithuania,male,55-74,212.0,277763.0,0.0763240604400154,60,5.813,1.2692,1.06411,0.64674,0.18929,0.0182,0.02025,43.15,56.85
2016,Lithuania,male,75+,78.0,80426.0,0.09698356252953025,60,5.813,1.2692,1.06411,0.64674,0.18929,0.0182,0.02025,43.15,56.85
2013,Netherlands,female,15-24,46.0,1009345.0,0.004557410994258653,6,7.3769998550415,1.50394463539124,1.42893922328949,0.810696125030518,0.585384488105774,0.282661825418472,0.470489829778671,37.53,62.47
2013,Netherlands,female,15-24,46.0,1009345.0,0.004557410994258653,6,7.441,1.361,1.488,0.878,0.638,0.295,0.333,37.53,62.47
2013,Netherlands,female,25-34,46.0,1014090.0,0.004536086540642349,6,7.3769998550415,1.50394463539124,1.42893922328949,0.810696125030518,0.585384488105774,0.282661825418472,0.470489829778671,37.53,62.47
2013,Netherlands,female,25-34,46.0,1014090.0,0.004536086540642349,6,7.441,1.361,1.488,0.878,0.638,0.295,0.333,37.53,62.47
2013,Netherlands,female,35-54,209.0,2394702.0,0.008727599509250002,6,7.3769998550415,1.50394463539124,1.42893922328949,0.810696125030518,0.585384488105774,0.282661825418472,0.470489829778671,37.53,62.47
2013,Netherlands,female,35-54,209.0,2394702.0,0.008727599509250002,6,7.441,1.361,1.488,0.878,0.638,0.295,0.333,37.53,62.47
2013,Netherlands,female,05-14,3.0,956989.0,0.0003134832270799351,6,7.3769998550415,1.50394463539124,1.42893922328949,0.810696125030518,0.585384488105774,0.282661825418472,0.470489829778671,37.53,62.47
2013,Netherlands,female,05-14,3.0,956989.0,0.0003134832270799351,6,7.441,1.361,1.488,0.878,0.638,0.295,0.333,37.53,62.47
2013,Netherlands,female,55-74,186.0,1922945.0,0.009672663544719167,6,7.3769998550415,1.50394463539124,1.42893922328949,0.810696125030518,0.585384488105774,0.282661825418472,0.470489829778671,37.53,62.47
2013,Netherlands,female,55-74,186.0,1922945.0,0.009672663544719167,6,7.441,1.361,1.488,0.878,0.638,0.295,0.333,37.53,62.47
2013,Netherlands,female,75+,59.0,744083.0,0.0079292229495903,6,7.3769998550415,1.50394463539124,1.42893922328949,0.810696125030518,0.585384488105774,0.282661825418472,0.470489829778671,37.53,62.47
2013,Netherlands,female,75+,59.0,744083.0,0.0079292229495903,6,7.441,1.361,1.488,0.878,0.638,0.295,0.333,37.53,62.47
2013,Netherlands,male,15-24,93.0,1044562.0,0.008903253229583309,6,7.3769998550415,1.50394463539124,1.42893922328949,0.810696125030518,0.585384488105774,0.282661825418472,0.470489829778671,37.53,62.47
2013,Netherlands,male,15-24,93.0,1044562.0,0.008903253229583309,6,7.441,1.361,1.488,0.878,0.638,0.295,0.333,37.53,62.47
2013,Netherlands,male,25-34,137.0,1024168.0,0.01337671163324767,6,7.3769998550415,1.50394463539124,1.42893922328949,0.810696125030518,0.585384488105774,0.282661825418472,0.470489829778671,37.53,62.47
2013,Netherlands,male,25-34,137.0,1024168.0,0.01337671163324767,6,7.441,1.361,1.488,0.878,0.638,0.295,0.333,37.53,62.47
2013,Netherlands,male,35-54,555.0,2410644.0,0.023022893467471762,6,7.3769998550415,1.50394463539124,1.42893922328949,0.810696125030518,0.585384488105774,0.282661825418472,0.470489829778671,37.53,62.47
2013,Netherlands,male,35-54,555.0,2410644.0,0.023022893467471762,6,7.441,1.361,1.488,0.878,0.638,0.295,0.333,37.53,62.47
2013,Netherlands,male,05-14,4.0,1002074.0,0.00039917211702928133,6,7.3769998550415,1.50394463539124,1.42893922328949,0.810696125030518,0.585384488105774,0.282661825418472,0.470489829778671,37.53,62.47
2013,Netherlands,male,05-14,4.0,1002074.0,0.00039917211702928133,6,7.441,1.361,1.488,0.878,0.638,0.295,0.333,37.53,62.47
2013,Netherlands,male,55-74,409.0,1890352.0,0.021636182044402312,6,7.3769998550415,1.50394463539124,1.42893922328949,0.810696125030518,0.585384488105774,0.282661825418472,0.470489829778671,37.53,62.47
2013,Netherlands,male,55-74,409.0,1890352.0,0.021636182044402312,6,7.441,1.361,1.488,0.878,0.638,0.295,0.333,37.53,62.47
2013,Netherlands,male,75+,109.0,485554.0,0.022448584503474384,6,7.3769998550415,1.50394463539124,1.42893922328949,0.810696125030518,0.585384488105774,0.282661825418472,0.470489829778671,37.53,62.47
2013,Netherlands,male,75+,109.0,485554.0,0.022448584503474384,6,7.441,1.361,1.488,0.878,0.638,0.295,0.333,37.53,62.47
2015,Netherlands,female,15-24,34.0,1018674.0,0.0033376723073328665,7,7.378,1.32944,1.28017,0.89284,0.61576,0.31814,0.4761,35.41,64.59
2015,Netherlands,female,25-34,65.0,1030867.0,0.006305372080006442,7,7.378,1.32944,1.28017,0.89284,0.61576,0.31814,0.4761,35.41,64.59
2015,Netherlands,female,35-54,211.0,2353550.0,0.008965180259607826,7,7.378,1.32944,1.28017,0.89284,0.61576,0.31814,0.4761,35.41,64.59
2015,Netherlands,female,05-14,6.0,943082.0,0.0006362119094628039,7,7.378,1.32944,1.28017,0.89284,0.61576,0.31814,0.4761,35.41,64.59
2015,Netherlands,female,55-74,220.0,1998082.0,0.011010559126202028,7,7.378,1.32944,1.28017,0.89284,0.61576,0.31814,0.4761,35.41,64.59
2015,Netherlands,female,75+,55.0,770107.0,0.007141864701918045,7,7.378,1.32944,1.28017,0.89284,0.61576,0.31814,0.4761,35.41,64.59
2015,Netherlands,male,15-24,89.0,1058675.0,0.008406734833636386,7,7.378,1.32944,1.28017,0.89284,0.61576,0.31814,0.4761,35.41,64.59
2015,Netherlands,male,25-34,146.0,1045012.0,0.013971131431983556,7,7.378,1.32944,1.28017,0.89284,0.61576,0.31814,0.4761,35.41,64.59
2015,Netherlands,male,35-54,499.0,2362263.0,0.02112381220888614,7,7.378,1.32944,1.28017,0.89284,0.61576,0.31814,0.4761,35.41,64.59
2015,Netherlands,male,05-14,1.0,987750.0,0.00010124019235636548,7,7.378,1.32944,1.28017,0.89284,0.61576,0.31814,0.4761,35.41,64.59
2015,Netherlands,male,55-74,418.0,1966083.0,0.02126054698606315,7,7.378,1.32944,1.28017,0.89284,0.61576,0.31814,0.4761,35.41,64.59
2015,Netherlands,male,75+,129.0,523197.0,0.02465610467949931,7,7.378,1.32944,1.28017,0.89284,0.61576,0.31814,0.4761,35.41,64.59
2016,Netherlands,female,15-24,35.0,1025443.0,0.00341315899567309,7,7.339,1.46468,1.02912,0.81231,0.55211,0.29927,0.47416,31.47,68.53
2016,Netherlands,female,25-34,65.0,1043372.0,0.0062298010680754325,7,7.339,1.46468,1.02912,0.81231,0.55211,0.29927,0.47416,31.47,68.53
2016,Netherlands,female,35-54,217.0,2334777.0,0.009294249515050045,7,7.339,1.46468,1.02912,0.81231,0.55211,0.29927,0.47416,31.47,68.53
2016,Netherlands,female,05-14,3.0,935592.0,0.000320652592155555,7,7.339,1.46468,1.02912,0.81231,0.55211,0.29927,0.47416,31.47,68.53
2016,Netherlands,female,55-74,209.0,2037375.0,0.010258298055095405,7,7.339,1.46468,1.02912,0.81231,0.55211,0.29927,0.47416,31.47,68.53
2016,Netherlands,female,75+,87.0,781301.0,0.011135273089372726,7,7.339,1.46468,1.02912,0.81231,0.55211,0.29927,0.47416,31.47,68.53
2016,Netherlands,male,15-24,77.0,1067719.0,0.007211635271077876,7,7.339,1.46468,1.02912,0.81231,0.55211,0.29927,0.47416,31.47,68.53
2016,Netherlands,male,25-34,159.0,1061905.0,0.014973090813208339,7,7.339,1.46468,1.02912,0.81231,0.55211,0.29927,0.47416,31.47,68.53
2016,Netherlands,male,35-54,478.0,2341693.0,0.020412581837157988,7,7.339,1.46468,1.02912,0.81231,0.55211,0.29927,0.47416,31.47,68.53
2016,Netherlands,male,05-14,6.0,980607.0,0.0006118659157032328,7,7.339,1.46468,1.02912,0.81231,0.55211,0.29927,0.47416,31.47,68.53
2016,Netherlands,male,55-74,436.0,2004642.0,0.021749519365552555,7,7.339,1.46468,1.02912,0.81231,0.55211,0.29927,0.47416,31.47,68.53
2016,Netherlands,male,75+,123.0,541327.0,0.022721940712360552,7,7.339,1.46468,1.02912,0.81231,0.55211,0.29927,0.47416,31.47,68.53
2013,Singapore,female,15-24,15.0,257932.0,0.0058154862521905,26,6.57200002670288,1.69227766990662,1.35381436347961,0.949492394924164,0.549840569496155,0.46430778503418,0.345965981483459,19.98,80.02
2013,Singapore,female,15-24,15.0,257932.0,0.0058154862521905,34,6.343,1.529,1.451,1.008,0.631,0.457,0.261,19.98,80.02
2013,Singapore,female,25-34,13.0,287210.0,0.004526304794401309,26,6.57200002670288,1.69227766990662,1.35381436347961,0.949492394924164,0.549840569496155,0.46430778503418,0.345965981483459,19.98,80.02
2013,Singapore,female,25-34,13.0,287210.0,0.004526304794401309,34,6.343,1.529,1.451,1.008,0.631,0.457,0.261,19.98,80.02
2013,Singapore,female,35-54,40.0,631208.0,0.006337055297144523,26,6.57200002670288,1.69227766990662,1.35381436347961,0.949492394924164,0.549840569496155,0.46430778503418,0.345965981483459,19.98,80.02
2013,Singapore,female,35-54,40.0,631208.0,0.006337055297144523,34,6.343,1.529,1.451,1.008,0.631,0.457,0.261,19.98,80.02
2013,Singapore,female,05-14,0.0,211362.0,0.0,26,6.57200002670288,1.69227766990662,1.35381436347961,0.949492394924164,0.549840569496155,0.46430778503418,0.345965981483459,19.98,80.02
2013,Singapore,female,05-14,0.0,211362.0,0.0,34,6.343,1.529,1.451,1.008,0.631,0.457,0.261,19.98,80.02
2013,Singapore,female,55-74,30.0,384544.0,0.0078014479487392855,26,6.57200002670288,1.69227766990662,1.35381436347961,0.949492394924164,0.549840569496155,0.46430778503418,0.345965981483459,19.98,80.02
2013,Singapore,female,55-74,30.0,384544.0,0.0078014479487392855,34,6.343,1.529,1.451,1.008,0.631,0.457,0.261,19.98,80.02
2013,Singapore,female,75+,14.0,91216.0,0.015348184529029996,26,6.57200002670288,1.69227766990662,1.35381436347961,0.949492394924164,0.549840569496155,0.46430778503418,0.345965981483459,19.98,80.02
2013,Singapore,female,75+,14.0,91216.0,0.015348184529029996,34,6.343,1.529,1.451,1.008,0.631,0.457,0.261,19.98,80.02
2013,Singapore,male,15-24,30.0,264023.0,0.011362646436105945,26,6.57200002670288,1.69227766990662,1.35381436347961,0.949492394924164,0.549840569496155,0.46430778503418,0.345965981483459,19.98,80.02
2013,Singapore,male,15-24,30.0,264023.0,0.011362646436105945,34,6.343,1.529,1.451,1.008,0.631,0.457,0.261,19.98,80.02
2013,Singapore,male,25-34,29.0,265275.0,0.010932051644519838,26,6.57200002670288,1.69227766990662,1.35381436347961,0.949492394924164,0.549840569496155,0.46430778503418,0.345965981483459,19.98,80.02
2013,Singapore,male,25-34,29.0,265275.0,0.010932051644519838,34,6.343,1.529,1.451,1.008,0.631,0.457,0.261,19.98,80.02
2013,Singapore,male,35-54,77.0,616200.0,0.01249594287568971,26,6.57200002670288,1.69227766990662,1.35381436347961,0.949492394924164,0.549840569496155,0.46430778503418,0.345965981483459,19.98,80.02
2013,Singapore,male,35-54,77.0,616200.0,0.01249594287568971,34,6.343,1.529,1.451,1.008,0.631,0.457,0.261,19.98,80.02
2013,Singapore,male,05-14,0.0,220586.0,0.0,26,6.57200002670288,1.69227766990662,1.35381436347961,0.949492394924164,0.549840569496155,0.46430778503418,0.345965981483459,19.98,80.02
2013,Singapore,male,05-14,0.0,220586.0,0.0,34,6.343,1.529,1.451,1.008,0.631,0.457,0.261,19.98,80.02
2013,Singapore,male,55-74,84.0,370242.0,0.02268786361352845,26,6.57200002670288,1.69227766990662,1.35381436347961,0.949492394924164,0.549840569496155,0.46430778503418,0.345965981483459,19.98,80.02
2013,Singapore,male,55-74,84.0,370242.0,0.02268786361352845,34,6.343,1.529,1.451,1.008,0.631,0.457,0.261,19.98,80.02
2013,Singapore,male,75+,25.0,61658.0,0.04054623893087677,26,6.57200002670288,1.69227766990662,1.35381436347961,0.949492394924164,0.549840569496155,0.46430778503418,0.345965981483459,19.98,80.02
2013,Singapore,male,75+,25.0,61658.0,0.04054623893087677,34,6.343,1.529,1.451,1.008,0.631,0.457,0.261,19.98,80.02
2015,Singapore,female,15-24,15.0,249249.0,0.006018078307234934,24,6.798,1.52186,1.02,1.02525,0.54252,0.4921,0.31105,17.59,82.41
2015,Singapore,female,25-34,18.0,291298.0,0.006179239129688497,24,6.798,1.52186,1.02,1.02525,0.54252,0.4921,0.31105,17.59,82.41
2015,Singapore,female,35-54,36.0,629999.0,0.005714294784594896,24,6.798,1.52186,1.02,1.02525,0.54252,0.4921,0.31105,17.59,82.41
2015,Singapore,female,05-14,1.0,205578.0,0.00048643337322087,24,6.798,1.52186,1.02,1.02525,0.54252,0.4921,0.31105,17.59,82.41
2015,Singapore,female,55-74,28.0,416616.0,0.006720817251377767,24,6.798,1.52186,1.02,1.02525,0.54252,0.4921,0.31105,17.59,82.41
2015,Singapore,female,75+,13.0,103599.0,0.012548383671657061,24,6.798,1.52186,1.02,1.02525,0.54252,0.4921,0.31105,17.59,82.41
2015,Singapore,male,15-24,19.0,257780.0,0.007370626115292109,24,6.798,1.52186,1.02,1.02525,0.54252,0.4921,0.31105,17.59,82.41
2015,Singapore,male,25-34,30.0,270351.0,0.011096685420065026,24,6.798,1.52186,1.02,1.02525,0.54252,0.4921,0.31105,17.59,82.41
2015,Singapore,male,35-54,79.0,606327.0,0.013029272983060296,24,6.798,1.52186,1.02,1.02525,0.54252,0.4921,0.31105,17.59,82.41
2015,Singapore,male,05-14,2.0,213262.0,0.0009378135814162861,24,6.798,1.52186,1.02,1.02525,0.54252,0.4921,0.31105,17.59,82.41
2015,Singapore,male,55-74,73.0,403996.0,0.01806948583649343,24,6.798,1.52186,1.02,1.02525,0.54252,0.4921,0.31105,17.59,82.41
2015,Singapore,male,75+,15.0,71060.0,0.021108922037714608,24,6.798,1.52186,1.02,1.02525,0.54252,0.4921,0.31105,17.59,82.41
2013,Spain,female,15-24,45.0,2226350.0,0.002021245536416107,34,6.40299987792969,1.38439786434174,1.53209090232849,0.888960599899292,0.408781230449677,0.0709140971302986,0.190133571624756,34.12,65.88
2013,Spain,female,15-24,45.0,2226350.0,0.002021245536416107,36,6.31,1.251,1.538,0.965,0.449,0.074,0.142,34.12,65.88
2013,Spain,female,25-34,79.0,3167837.0,0.0024938151805159164,34,6.40299987792969,1.38439786434174,1.53209090232849,0.888960599899292,0.408781230449677,0.0709140971302986,0.190133571624756,34.12,65.88
2013,Spain,female,25-34,79.0,3167837.0,0.0024938151805159164,36,6.31,1.251,1.538,0.965,0.449,0.074,0.142,34.12,65.88
2013,Spain,female,35-54,373.0,7349605.0,0.005075102675585967,34,6.40299987792969,1.38439786434174,1.53209090232849,0.888960599899292,0.408781230449677,0.0709140971302986,0.190133571624756,34.12,65.88
2013,Spain,female,35-54,373.0,7349605.0,0.005075102675585967,36,6.31,1.251,1.538,0.965,0.449,0.074,0.142,34.12,65.88
2013,Spain,female,05-14,3.0,2282942.0,0.00013140938315559485,34,6.40299987792969,1.38439786434174,1.53209090232849,0.888960599899292,0.408781230449677,0.0709140971302986,0.190133571624756,34.12,65.88
2013,Spain,female,05-14,3.0,2282942.0,0.00013140938315559485,36,6.31,1.251,1.538,0.965,0.449,0.074,0.142,34.12,65.88
2013,Spain,female,55-74,287.0,4877060.0,0.00588469282723608,34,6.40299987792969,1.38439786434174,1.53209090232849,0.888960599899292,0.408781230449677,0.0709140971302986,0.190133571624756,34.12,65.88
2013,Spain,female,55-74,287.0,4877060.0,0.00588469282723608,36,6.31,1.251,1.538,0.965,0.449,0.074,0.142,34.12,65.88
2013,Spain,female,75+,173.0,2610418.0,0.006627291108167351,34,6.40299987792969,1.38439786434174,1.53209090232849,0.888960599899292,0.408781230449677,0.0709140971302986,0.190133571624756,34.12,65.88
2013,Spain,female,75+,173.0,2610418.0,0.006627291108167351,36,6.31,1.251,1.538,0.965,0.449,0.074,0.142,34.12,65.88
2013,Spain,male,15-24,131.0,2330807.0,0.005620370970226192,34,6.40299987792969,1.38439786434174,1.53209090232849,0.888960599899292,0.408781230449677,0.0709140971302986,0.190133571624756,34.12,65.88
2013,Spain,male,15-24,131.0,2330807.0,0.005620370970226192,36,6.31,1.251,1.538,0.965,0.449,0.074,0.142,34.12,65.88
2013,Spain,male,25-34,260.0,3221833.0,0.008069940310376113,34,6.40299987792969,1.38439786434174,1.53209090232849,0.888960599899292,0.408781230449677,0.0709140971302986,0.190133571624756,34.12,65.88
2013,Spain,male,25-34,260.0,3221833.0,0.008069940310376113,36,6.31,1.251,1.538,0.965,0.449,0.074,0.142,34.12,65.88
2013,Spain,male,35-54,1174.0,7548690.0,0.015552367364403625,34,6.40299987792969,1.38439786434174,1.53209090232849,0.888960599899292,0.408781230449677,0.0709140971302986,0.190133571624756,34.12,65.88
2013,Spain,male,35-54,1174.0,7548690.0,0.015552367364403625,36,6.31,1.251,1.538,0.965,0.449,0.074,0.142,34.12,65.88
2013,Spain,male,05-14,6.0,2422042.0,0.0002477248536565427,34,6.40299987792969,1.38439786434174,1.53209090232849,0.888960599899292,0.408781230449677,0.0709140971302986,0.190133571624756,34.12,65.88
2013,Spain,male,05-14,6.0,2422042.0,0.0002477248536565427,36,6.31,1.251,1.538,0.965,0.449,0.074,0.142,34.12,65.88
2013,Spain,male,55-74,812.0,4513382.0,0.017990943376829174,34,6.40299987792969,1.38439786434174,1.53209090232849,0.888960599899292,0.408781230449677,0.0709140971302986,0.190133571624756,34.12,65.88
2013,Spain,male,55-74,812.0,4513382.0,0.017990943376829174,36,6.31,1.251,1.538,0.965,0.449,0.074,0.142,34.12,65.88
2013,Spain,male,75+,530.0,1676659.0,0.03161048251314071,34,6.40299987792969,1.38439786434174,1.53209090232849,0.888960599899292,0.408781230449677,0.0709140971302986,0.190133571624756,34.12,65.88
2013,Spain,male,75+,530.0,1676659.0,0.03161048251314071,36,6.31,1.251,1.538,0.965,0.449,0.074,0.142,34.12,65.88
2015,Spain,female,15-24,47.0,2177807.0,0.0021581343066672115,36,6.329,1.23011,1.31379,0.95562,0.45951,0.06398,0.18227,33.85,66.15
2015,Spain,female,25-34,66.0,2884411.0,0.0022881621239136864,36,6.329,1.23011,1.31379,0.95562,0.45951,0.06398,0.18227,33.85,66.15
2015,Spain,female,35-54,360.0,7389698.0,0.004871646987468229,36,6.329,1.23011,1.31379,0.95562,0.45951,0.06398,0.18227,33.85,66.15
2015,Spain,female,05-14,1.0,2329505.0,4.2927574742273574e-05,36,6.329,1.23011,1.31379,0.95562,0.45951,0.06398,0.18227,33.85,66.15
2015,Spain,female,55-74,281.0,5125562.0,0.0054823256454609275,36,6.329,1.23011,1.31379,0.95562,0.45951,0.06398,0.18227,33.85,66.15
2015,Spain,female,75+,168.0,2624796.0,0.006400497410084441,36,6.329,1.23011,1.31379,0.95562,0.45951,0.06398,0.18227,33.85,66.15
2015,Spain,male,15-24,109.0,2287320.0,0.004765402304880821,36,6.329,1.23011,1.31379,0.95562,0.45951,0.06398,0.18227,33.85,66.15
2015,Spain,male,25-34,241.0,2897590.0,0.008317256754751362,36,6.329,1.23011,1.31379,0.95562,0.45951,0.06398,0.18227,33.85,66.15
2015,Spain,male,35-54,1015.0,7551081.0,0.013441784030657333,36,6.329,1.23011,1.31379,0.95562,0.45951,0.06398,0.18227,33.85,66.15
2015,Spain,male,05-14,7.0,2475209.0,0.000282804401567706,36,6.329,1.23011,1.31379,0.95562,0.45951,0.06398,0.18227,33.85,66.15
2015,Spain,male,55-74,736.0,4750328.0,0.015493666963628618,36,6.329,1.23011,1.31379,0.95562,0.45951,0.06398,0.18227,33.85,66.15
2015,Spain,male,75+,573.0,1693221.0,0.03384082762970693,36,6.329,1.23011,1.31379,0.95562,0.45951,0.06398,0.18227,33.85,66.15
2013,United States,female,15-24,975.0,21698877.0,0.004493320092095089,14,6.99300003051758,1.54625928401947,1.41992056369781,0.77428662776947,0.505740523338318,0.135638788342476,0.392578780651093,53.44,46.56
2013,United States,female,15-24,975.0,21698877.0,0.004493320092095089,18,6.886,1.398,1.471,0.819,0.547,0.133,0.291,53.44,46.56
2013,United States,female,25-34,1285.0,20951958.0,0.006133078350004329,14,6.99300003051758,1.54625928401947,1.41992056369781,0.77428662776947,0.505740523338318,0.135638788342476,0.392578780651093,53.44,46.56
2013,United States,female,25-34,1285.0,20951958.0,0.006133078350004329,18,6.886,1.398,1.471,0.819,0.547,0.133,0.291,53.44,46.56
2013,United States,female,35-54,3776.0,41983845.0,0.008993935643579094,14,6.99300003051758,1.54625928401947,1.41992056369781,0.77428662776947,0.505740523338318,0.135638788342476,0.392578780651093,53.44,46.56
2013,United States,female,35-54,3776.0,41983845.0,0.008993935643579094,18,6.886,1.398,1.471,0.819,0.547,0.133,0.291,53.44,46.56
2013,United States,female,05-14,143.0,20308672.0,0.0007041326975983462,14,6.99300003051758,1.54625928401947,1.41992056369781,0.77428662776947,0.505740523338318,0.135638788342476,0.392578780651093,53.44,46.56
2013,United States,female,05-14,143.0,20308672.0,0.0007041326975983462,18,6.886,1.398,1.471,0.819,0.547,0.133,0.291,53.44,46.56
2013,United States,female,55-74,2484.0,33229667.0,0.007475247946360702,14,6.99300003051758,1.54625928401947,1.41992056369781,0.77428662776947,0.505740523338318,0.135638788342476,0.392578780651093,53.44,46.56
2013,United States,female,55-74,2484.0,33229667.0,0.007475247946360702,18,6.886,1.398,1.471,0.819,0.547,0.133,0.291,53.44,46.56
2013,United States,female,75+,431.0,11486590.0,0.0037522014801607785,14,6.99300003051758,1.54625928401947,1.41992056369781,0.77428662776947,0.505740523338318,0.135638788342476,0.392578780651093,53.44,46.56
2013,United States,female,75+,431.0,11486590.0,0.0037522014801607785,18,6.886,1.398,1.471,0.819,0.547,0.133,0.291,53.44,46.56
2013,United States,male,15-24,3903.0,22735631.0,0.017166886637102793,14,6.99300003051758,1.54625928401947,1.41992056369781,0.77428662776947,0.505740523338318,0.135638788342476,0.392578780651093,53.44,46.56
2013,United States,male,15-24,3903.0,22735631.0,0.017166886637102793,18,6.886,1.398,1.471,0.819,0.547,0.133,0.291,53.44,46.56
2013,United States,male,25-34,5063.0,21386891.0,0.02367338010933894,14,6.99300003051758,1.54625928401947,1.41992056369781,0.77428662776947,0.505740523338318,0.135638788342476,0.392578780651093,53.44,46.56
2013,United States,male,25-34,5063.0,21386891.0,0.02367338010933894,18,6.886,1.398,1.471,0.819,0.547,0.133,0.291,53.44,46.56
2013,United States,male,35-54,11396.0,42085688.0,0.02707808887429855,14,6.99300003051758,1.54625928401947,1.41992056369781,0.77428662776947,0.505740523338318,0.135638788342476,0.392578780651093,53.44,46.56
2013,United States,male,35-54,11396.0,42085688.0,0.02707808887429855,18,6.886,1.398,1.471,0.819,0.547,0.133,0.291,53.44,46.56
2013,United States,male,05-14,252.0,21233001.0,0.0011868317625002701,14,6.99300003051758,1.54625928401947,1.41992056369781,0.77428662776947,0.505740523338318,0.135638788342476,0.392578780651093,53.44,46.56
2013,United States,male,05-14,252.0,21233001.0,0.0011868317625002701,18,6.886,1.398,1.471,0.819,0.547,0.133,0.291,53.44,46.56
2013,United States,male,55-74,8445.0,30405404.0,0.02777466795047354,14,6.99300003051758,1.54625928401947,1.41992056369781,0.77428662776947,0.505740523338318,0.135638788342476,0.392578780651093,53.44,46.56
2013,United States,male,55-74,8445.0,30405404.0,0.02777466795047354,18,6.886,1.398,1.471,0.819,0.547,0.133,0.291,53.44,46.56
2013,United States,male,75+,2990.0,7816638.0,0.03825173943068619,14,6.99300003051758,1.54625928401947,1.41992056369781,0.77428662776947,0.505740523338318,0.135638788342476,0.392578780651093,53.44,46.56
2013,United States,male,75+,2990.0,7816638.0,0.03825173943068619,18,6.886,1.398,1.471,0.819,0.547,0.133,0.291,53.44,46.56
2015,United States,female,15-24,1132.0,21633813.0,0.005232549620355876,15,7.119,1.39451,1.24711,0.86179,0.54604,0.1589,0.40105,50.01,49.99
2015,United States,female,25-34,1444.0,21555712.0,0.006698920453195887,15,7.119,1.39451,1.24711,0.86179,0.54604,0.1589,0.40105,50.01,49.99
2015,United States,female,35-54,4053.0,41531809.0,0.009758785127804087,15,7.119,1.39451,1.24711,0.86179,0.54604,0.1589,0.40105,50.01,49.99
2015,United States,female,05-14,158.0,20342901.0,0.0007766837188068704,15,7.119,1.39451,1.24711,0.86179,0.54604,0.1589,0.40105,50.01,49.99
2015,United States,female,55-74,2872.0,35115610.0,0.00817869887494479,15,7.119,1.39451,1.24711,0.86179,0.54604,0.1589,0.40105,50.01,49.99
2015,United States,female,75+,540.0,11778666.0,0.004584559915358836,15,7.119,1.39451,1.24711,0.86179,0.54604,0.1589,0.40105,50.01,49.99
2015,United States,male,15-24,4359.0,22615073.0,0.019274755381068195,15,7.119,1.39451,1.24711,0.86179,0.54604,0.1589,0.40105,50.01,49.99
2015,United States,male,25-34,5503.0,22137097.0,0.024858724700894612,15,7.119,1.39451,1.24711,0.86179,0.54604,0.1589,0.40105,50.01,49.99
2015,United States,male,35-54,11634.0,41658010.0,0.027927402197080467,15,7.119,1.39451,1.24711,0.86179,0.54604,0.1589,0.40105,50.01,49.99
2015,United States,male,05-14,255.0,21273987.0,0.001198646967303308,15,7.119,1.39451,1.24711,0.86179,0.54604,0.1589,0.40105,50.01,49.99
2015,United States,male,55-74,9068.0,32264697.0,0.02810502141086278,15,7.119,1.39451,1.24711,0.86179,0.54604,0.1589,0.40105,50.01,49.99
2015,United States,male,75+,3171.0,8171136.0,0.0388073335213121,15,7.119,1.39451,1.24711,0.86179,0.54604,0.1589,0.40105,50.01,49.99
